TestEpRet,TestEpLen,student_id
243.59649161651618,323.4099999999997,PB17121707
243.59649161651618,323.4099999999997,PB17121732
243.59649161651618,323.4099999999997,PB18151853